product_id,brand,display_name_ko,status,priority,reasons
1,COSRX,센텔라 워터 무알코올 토너,manual_review,2,needs_official_source_and_offer
10,COSRX,프로폴리스 라이트 앰플,manual_review,2,needs_official_source_and_offer
100,Erborian,CC 레드 커렉트,manual_review,2,needs_official_source_and_offer
101,Tonymoly,프로바이오틱스 릴리프 크림,manual_review,2,needs_official_source_and_offer
102,Beauty of Joseon,다이너스티 크림,manual_review,2,needs_official_source_and_offer
103,Beauty of Joseon,릴리프 선 라이스 앤 프로바이오틱스,manual_review,2,needs_official_source_and_offer
104,Beauty of Joseon,글로우 세럼 프로폴리스 앤 나이아신아마이드,manual_review,2,needs_official_source_and_offer
105,Beauty of Joseon,리바이브 아이 세럼 레티날 앤 카페인,manual_review,2,needs_official_source_and_offer
106,Beauty of Joseon,칼밍 세럼 하트리프 앤 판테놀,manual_review,2,needs_official_source_and_offer
107,Missha,타임 레볼루션 더 퍼스트 트리트먼트 에센스,manual_review,2,needs_official_source_and_offer
108,Missha,타임 레볼루션 나이트 리페어 프로바이오 앰플,manual_review,2,needs_official_source_and_offer
109,Missha,수퍼 아쿠아 셀 리뉴 스네일 크림,manual_review,2,needs_official_source_and_offer
11,Some By Mi,시카 펩타이드 앰플,manual_review,2,needs_official_source_and_offer
110,Missha,올 어라운드 세이프 블록 에센스 선 SPF45,manual_review,2,needs_official_source_and_offer
111,Missha,벨벳 피니시 쿠션 파운데이션,manual_review,2,needs_official_source_and_offer
112,ETUDE,순정 2x 배리어 인텐시브 크림,manual_review,2,needs_official_source_and_offer
113,ETUDE,순정 pH 5.5 릴리프 토너,manual_review,2,needs_official_source_and_offer
114,ETUDE,원더 포어 프레쉬너 토너,manual_review,2,needs_official_source_and_offer
115,ETUDE,애니 쿠션 커버 글로우 SPF34,manual_review,2,needs_official_source_and_offer
116,ETUDE,모이스트풀 콜라겐 크림,manual_review,2,needs_official_source_and_offer
117,TIRTIR,밀크 스킨 토너,manual_review,2,needs_official_source_and_offer
118,TIRTIR,마스크 핏 레드 쿠션,manual_review,2,needs_official_source_and_offer
119,TIRTIR,세라믹 스킨 세럼,manual_review,2,needs_official_source_and_offer
12,Innisfree,톤업 크림,manual_review,2,needs_official_source_and_offer
120,TIRTIR,톤업 UV 선크림 SPF50,manual_review,2,needs_official_source_and_offer
121,medicube,에이지알 부스터 H,manual_review,2,needs_official_source_and_offer
122,medicube,콜라겐 젤리 크림,manual_review,2,needs_official_source_and_offer
123,medicube,레드 이레이징 세럼,manual_review,2,needs_official_source_and_offer
124,medicube,제로 세범 파우더,manual_review,2,needs_official_source_and_offer
125,Abib,마일드 애시딕 pH 시트 마스크 하트리프 핏,manual_review,2,needs_official_source_and_offer
126,Abib,제리코 로즈 앰플,manual_review,2,needs_official_source_and_offer
127,Abib,레티클 아이 크림,manual_review,2,needs_official_source_and_offer
128,Abib,하트리프 토너 패드,manual_review,2,needs_official_source_and_offer
129,Isntree,히알루론산 워터리 선 젤 SPF50,manual_review,2,needs_official_source_and_offer
13,Some By Mi,리얼 시카 칼밍 크림,manual_review,2,needs_official_source_and_offer
130,Isntree,녹차 프레쉬 토너,manual_review,2,needs_official_source_and_offer
131,Isntree,시카 펩타이드 앰플,manual_review,2,needs_official_source_and_offer
132,Isntree,어니언 뉴페어 크림,manual_review,2,needs_official_source_and_offer
133,Ma:nyo,비피다 바이옴 컴플렉스 앰플,manual_review,2,needs_official_source_and_offer
134,Ma:nyo,퓨어 클렌징 오일,manual_review,2,needs_official_source_and_offer
135,Ma:nyo,갈락토미 나이아신 에센스,manual_review,2,needs_official_source_and_offer
136,Ma:nyo,히알루론 모이스처 크림,manual_review,2,needs_official_source_and_offer
137,Benton,스네일 비 하이 콘텐트 에센스,manual_review,2,needs_official_source_and_offer
138,Benton,알로에 BHA 스킨 토너,manual_review,2,needs_official_source_and_offer
139,Benton,딥 그린티 크림,manual_review,2,needs_official_source_and_offer
14,Some By Mi,유자 나이아신 브라이트닝 젤 크림,manual_review,2,needs_official_source_and_offer
140,Benton,퍼멘테이션 아이 크림,manual_review,2,needs_official_source_and_offer
141,Rovectin,스킨 에센셜 배리어 리페어 크림-미스트,manual_review,2,needs_official_source_and_offer
142,Rovectin,클린 비타민 C 브라이트닝 세럼,manual_review,2,needs_official_source_and_offer
143,Rovectin,아쿠아 수딩 젤 크림,manual_review,2,needs_official_source_and_offer
144,Tocobo,바이오 워터리 선크림 SPF50,manual_review,2,needs_official_source_and_offer
145,Tocobo,글라스 선 스틱 SPF50,manual_review,2,needs_official_source_and_offer
146,Tocobo,콜라겐 클레이 폼 클렌저,manual_review,2,needs_official_source_and_offer
147,Nacific,프레시 허브 오리진 세럼,manual_review,2,needs_official_source_and_offer
148,Nacific,PHR 앰플 토너,manual_review,2,needs_official_source_and_offer
149,Nacific,내추럴 데일리 토너 패드,manual_review,2,needs_official_source_and_offer
15,Skinfood,블랙슈가 퍼펙트 에센셜 스크럽,manual_review,2,needs_official_source_and_offer
150,IOPE,바이오 레티놀 솔루션,manual_review,2,needs_official_source_and_offer
151,IOPE,플랜트 스템 셀 캡처 크림,manual_review,2,needs_official_source_and_offer
152,IOPE,슈퍼 바이탈 크림 리치,manual_review,2,needs_official_source_and_offer
153,mixsoon,빈 세럼,manual_review,2,needs_official_source_and_offer
154,mixsoon,센텔라 아시아티카 젤,manual_review,2,needs_official_source_and_offer
155,mixsoon,프로폴리스 추출물 앰플,manual_review,2,needs_official_source_and_offer
156,Sulwhasoo,퍼스트 케어 액티베이팅 세럼,manual_review,2,needs_official_source_and_offer
157,Sulwhasoo,에센셜 밸런싱 워터,manual_review,2,needs_official_source_and_offer
158,Sulwhasoo,컨센트레이티드 진셍 리뉴잉 세럼,manual_review,2,needs_official_source_and_offer
159,Haruharu Wonder,블랙 라이스 히알루로닉 크림,manual_review,2,needs_official_source_and_offer
16,Round Lab,릴리프 선 라이스 앤 프로바이오틱스,manual_review,2,needs_official_source_and_offer
160,Haruharu Wonder,블랙 라이스 모이스처 선크림,manual_review,2,needs_official_source_and_offer
161,Haruharu Wonder,블랙 라이스 페이셜 오일,manual_review,2,needs_official_source_and_offer
162,Goodal,그린 탠저린 비타 C 다크 스팟 크림,manual_review,2,needs_official_source_and_offer
163,Goodal,그린 탠저린 비타 C 아이 패치,manual_review,2,needs_official_source_and_offer
164,Anua,피치 70 나이아신 세럼 글로우,manual_review,2,needs_official_source_and_offer
165,Anua,PDRN 히알루론산 크림,manual_review,2,needs_official_source_and_offer
166,Axis-Y,다크 스팟 코렉팅 글로우 세럼,manual_review,2,needs_official_source_and_offer
167,Axis-Y,컴플리트 노 스트레스 피지컬 선크림,manual_review,2,needs_official_source_and_offer
168,Round Lab,버치 주스 모이스처라이징 세럼,manual_review,2,needs_official_source_and_offer
169,Round Lab,버치 주스 모이스처라이징 크림,manual_review,2,needs_official_source_and_offer
17,Innisfree,머그워트 포어 클래리파잉 세럼,manual_review,2,needs_official_source_and_offer
170,SKIN1004,마다가스카르 센텔라 히알루-시카 워터핏 선 세럼,manual_review,2,needs_official_source_and_offer
171,SKIN1004,마다가스카르 센텔라 톤 브라이트닝 캡슐 앰플,manual_review,2,needs_official_source_and_offer
172,Purito,프롬 그린 아보카도 클렌징 폼,manual_review,2,needs_official_source_and_offer
173,Purito,데일리 고 투 선크림 SPF50,manual_review,2,needs_official_source_and_offer
174,Some By Mi,30 데이즈 미라클 크림,manual_review,2,needs_official_source_and_offer
175,Some By Mi,갈락토미세스 퓨어 비타민 C 글로우 토너,manual_review,2,needs_official_source_and_offer
176,Innisfree,그린티 씨드 세럼,manual_review,2,needs_official_source_and_offer
177,Innisfree,제주 화산 모공 클렌징 폼,manual_review,2,needs_official_source_and_offer
178,Klairs,리치 모이스트 수딩 세럼,manual_review,2,needs_official_source_and_offer
179,Klairs,프레쉴리 쥬스드 비타민 C 세럼,manual_review,2,needs_official_source_and_offer
18,Dr. Jart+,세라마이딘 크림,manual_review,2,needs_official_source_and_offer
180,Laneige,크림 스킨 토너 앤 모이스처라이저,manual_review,2,needs_official_source_and_offer
181,Laneige,네오 쿠션 매트 파운데이션,manual_review,2,needs_official_source_and_offer
182,Glow Recipe,플럼 플럼프 히알루론산 세럼,manual_review,2,needs_official_source_and_offer
183,Glow Recipe,스트로베리 BHA 포어 스무스 블러 드롭스,manual_review,2,needs_official_source_and_offer
184,Dr. Jart+,바이탈 하이드라 솔루션 딥 하이드레이션 세럼,manual_review,2,needs_official_source_and_offer
186,COSRX,어드밴스드 스네일 펩타이드 아이 크림,manual_review,2,needs_official_source_and_offer
187,COSRX,더 비타민 C 23 세럼,manual_review,2,needs_official_source_and_offer
19,Torriden,히알루론산 하이드라 파워 에센스,manual_review,2,needs_official_source_and_offer
2,Some By Mi,AHA BHA PHA 30일 미라클 토너,manual_review,2,needs_official_source_and_offer
20,Torriden,다이브인 세럼,manual_review,2,needs_official_source_and_offer
21,SKIN1004,비타민 C 23 세럼,manual_review,2,needs_official_source_and_offer
22,Purito,아젤라익애씨드 블레미쉬 컨트롤,manual_review,2,needs_official_source_and_offer
23,Purito,센텔라 그린 레벨 버핏 세럼,manual_review,2,needs_official_source_and_offer
24,I Am From,쌀 브라이트닝 토너,manual_review,2,needs_official_source_and_offer
25,I Am From,머그워트 에센스,manual_review,2,needs_official_source_and_offer
26,SKIN1004,갈락토미세스 비타민 C 세럼,manual_review,2,needs_official_source_and_offer
27,COSRX,BHA 블랙헤드 파워 리퀴드,manual_review,2,needs_official_source_and_offer
29,COSRX,레티놀 0.1 크림,manual_review,2,needs_official_source_and_offer
3,Laneige,워터 슬리핑 마스크,manual_review,2,needs_official_source_and_offer
30,Some By Mi,펩타이드 9 볼륨 에센스,manual_review,2,needs_official_source_and_offer
31,Innisfree,티트리 포어 타이트닝 토너,manual_review,2,needs_official_source_and_offer
32,Innisfree,그린티 히알루론 크림,manual_review,2,needs_official_source_and_offer
33,Purito,비타민 C 브라이트닝 세럼,manual_review,2,needs_official_source_and_offer
34,Glow Recipe,수박 글로우 슬리핑 마스크,manual_review,2,needs_official_source_and_offer
35,Dr. Jart+,시카 리커버리 크림,manual_review,2,needs_official_source_and_offer
36,SKIN1004,갈락토미세스 95 화이트닝 파워 에센스,manual_review,2,needs_official_source_and_offer
37,Holika Holika,알로에 수딩 선 크림,manual_review,2,needs_official_source_and_offer
38,Axis-Y,어성초 쿼세티놀 포어 클렌징 세럼,manual_review,2,needs_official_source_and_offer
39,Heimish,프로폴리스 에너지 부스팅 세럼,manual_review,2,needs_official_source_and_offer
40,Heimish,올 클린 밤,manual_review,2,needs_official_source_and_offer
41,Axis-Y,시카풀 앰플,manual_review,2,needs_official_source_and_offer
42,Clinique,모이스처 서지 100H,manual_review,2,needs_official_source_and_offer
43,Peach Slices,스네일 레스큐 블레미쉬 세럼,manual_review,2,needs_official_source_and_offer
44,Torriden,B5 하이드라-겔 아이 크림,manual_review,2,needs_official_source_and_offer
46,Klairs,브라이트닝 비타민 C 크림,manual_review,2,needs_official_source_and_offer
47,Klairs,미드나잇 블루 칼밍 크림,manual_review,2,needs_official_source_and_offer
48,Klairs,서플 프레퍼레이션 무향 토너,manual_review,2,needs_official_source_and_offer
49,Atopalm,리얼 배리어 크림,manual_review,2,needs_official_source_and_offer
5,Banila Co,워터풀 톡톡 크림,manual_review,2,needs_official_source_and_offer
50,Hyggee,히게 올인원 에센스,manual_review,2,needs_official_source_and_offer
51,Holika Holika,제주 알로에 99% 수딩 젤,manual_review,2,needs_official_source_and_offer
52,Neogen,머그워트 칼밍 패드,manual_review,2,needs_official_source_and_offer
53,SK-II,리얼 퍼먼트 마이크로 에센스,manual_review,2,needs_official_source_and_offer
54,Clinique,모이스처 서지 익스텐디드,manual_review,2,needs_official_source_and_offer
55,Axis-Y,시카 세럼,manual_review,2,needs_official_source_and_offer
56,Neogen,유자 워터 C 브라이트 슬리핑 마스크,manual_review,2,needs_official_source_and_offer
57,Goodal,그린 더마 마일드 시카 에센스,manual_review,2,needs_official_source_and_offer
58,Goodal,비타민 C 글로우 토너,manual_review,2,needs_official_source_and_offer
59,Some By Mi,레티놀 아이 세럼,manual_review,2,needs_official_source_and_offer
6,Dr. Jart+,시카페어 타이거 그라스 컬러 교정 트리트먼트,manual_review,2,needs_official_source_and_offer
60,Belif,하이드로 플럼프 세럼,manual_review,2,needs_official_source_and_offer
61,Belif,트루 크림 아쿠아 밤,manual_review,2,needs_official_source_and_offer
62,Neogen,필링 젤,manual_review,2,needs_official_source_and_offer
63,Lagom,프로바이오틱스 유스 리페어 크림,manual_review,2,needs_official_source_and_offer
64,Medi-Peel,셀 리턴 펩타이드 앰플,manual_review,2,needs_official_source_and_offer
65,Medi-Peel,히알루론산 앰플,manual_review,2,needs_official_source_and_offer
66,The Ordinary,나이아신아마이드 10% + 징크 1%,manual_review,2,needs_official_source_and_offer
67,The Ordinary,히알루론산 2% + B5,manual_review,2,needs_official_source_and_offer
68,The Ordinary,AHA 30% + BHA 2% 필링 솔루션,manual_review,2,needs_official_source_and_offer
69,The Ordinary,그래낙티브 레티노이드 2% 에멀전,manual_review,2,needs_official_source_and_offer
7,Glow Recipe,나이아신아마이드 듀 드롭스,manual_review,2,needs_official_source_and_offer
70,The Ordinary,비타민 C 서스펜션 23% + HA 스피어 2%,manual_review,2,needs_official_source_and_offer
71,The Ordinary,멀티 펩타이드 + HA 세럼,manual_review,2,needs_official_source_and_offer
72,Dr. Jart+,시카페어 타이거 그라스 칼밍 토너,manual_review,2,needs_official_source_and_offer
73,Torriden,워터 필러 히알루론 세럼,manual_review,2,needs_official_source_and_offer
74,Purito,갈락틱 레이즈 SPF 50 선스크린,manual_review,2,needs_official_source_and_offer
75,Pyunkang Yul,시카 펩타이드 토너,manual_review,2,needs_official_source_and_offer
76,Pyunkang Yul,에센스 토너,manual_review,2,needs_official_source_and_offer
77,COSRX,블랙 스네일 올인원 크림,manual_review,2,needs_official_source_and_offer
78,COSRX,AC 컬렉션 라이트웨이트 수딩 모이스처라이저,manual_review,2,needs_official_source_and_offer
79,Laneige,워터풀 바운시 크림,manual_review,2,needs_official_source_and_offer
8,Youth To The People,수퍼푸드 클렌저,manual_review,2,needs_official_source_and_offer
80,Laneige,립 슬리핑 마스크,manual_review,2,needs_official_source_and_offer
81,Bioderma,시카바이오 크림,manual_review,2,needs_official_source_and_offer
82,Haruharu Wonder,센텔라 아시아티카 크림,manual_review,2,needs_official_source_and_offer
83,Haruharu Wonder,블랙 라이스 히알루론 토너,manual_review,2,needs_official_source_and_offer
84,Heimish,프로폴리스 시너지 토너,manual_review,2,needs_official_source_and_offer
85,Anua,나이아신 비타 C 포커스 세럼,manual_review,2,needs_official_source_and_offer
86,Anua,어성초 수딩 토너,manual_review,2,needs_official_source_and_offer
87,Anua,피치 70 나이아신 세럼,manual_review,2,needs_official_source_and_offer
88,Round Lab,시카 수수 크림,manual_review,2,needs_official_source_and_offer
89,Round Lab,1025 독도 토너,manual_review,2,needs_official_source_and_offer
9,SKIN1004,시카 세럼,manual_review,2,needs_official_source_and_offer
90,Numbuzin,자작나무 수액 모이스처라이징 세럼,manual_review,2,needs_official_source_and_offer
91,Numbuzin,No.5 비타민 나이아신아마이드 세럼,manual_review,2,needs_official_source_and_offer
92,Axis-Y,시카풀 아쿠아 크림,manual_review,2,needs_official_source_and_offer
93,Innisfree,컴플리트 노-시범 미네랄 파우더,manual_review,2,needs_official_source_and_offer
95,Kiehls,글로우 세럼 스킨 브라이트너,manual_review,2,needs_official_source_and_offer
96,Kiehls,울트라 페이셜 크림,manual_review,2,needs_official_source_and_offer
97,Elizabeth Arden,세라마이드 캡슐 플럼핑 세럼,manual_review,2,needs_official_source_and_offer
98,Caudalie,밤부 72HR 하이드레이션 세럼,manual_review,2,needs_official_source_and_offer
99,Erborian,스킨 틴트 SPF 30,manual_review,2,needs_official_source_and_offer
185,Dr. Jart+,시카페어 타이거그라스 세럼,duplicate_candidate,3,duplicate_name_size_group
45,Dr. Jart+,시카페어 타이거 그라스 세럼,duplicate_candidate,3,duplicate_name_size_group